CPUs Number,simple,static
1,1.0,1.0
10,4.54287290418371,4.744729594696692
20,8.935715110238947,9.055035523668879
40,16.114682432291776,17.004935144342053
60,24.488342665527824,25.738687820195008
80,31.326170531342317,35.85615618381066
100,38.55852759513847,38.41566770262937
120,45.8835279473653,39.60553351642763
